{"$type":"List`1","$values":[{"$id":"1","$type":"ProjectOptionEntry","key":"LastSelection@Siemens.Simatic.PlcLanguages.SCLEditor.SCLEditorView","context":"{2232321-1812}","value":{"$id":"2","$type":"SessionDataUndo","CaretPositionRC":"4, 80"}},{"$id":"3","$type":"ProjectOptionEntry","key":"LastSelection@Siemens.Simatic.PlcLanguages.SCLEditor.SCLEditorView","context":"{2232321-2200}","value":{"$id":"4","$type":"SessionDataUndo","CaretPositionRC":"24, 3"}},{"$id":"5","$type":"ProjectOptionEntry","key":"LastSelection@Siemens.Simatic.PlcLanguages.SCLEditor.SCLEditorView","context":"{2232321-2056}","value":{"$id":"6","$type":"SessionDataUndo","CaretPositionRC":"15, 162"}},{"$id":"7","$type":"ProjectOptionEntry","key":"NetworkCollapsed","context":"{2232342-15614}","value":false},{"$id":"8","$type":"ProjectOptionEntry","key":"RestoreNetworkStates","context":"{2232321-15608}","value":true},{"$id":"9","$type":"ProjectOptionEntry","key":"NetworkCollapsed","context":"{2232342-15615}","value":false},{"$id":"10","$type":"ProjectOptionEntry","key":"LastSelection@Siemens.Simatic.PlcLanguages.PLFrame.BasicLanguageEditor","context":"{2232321-15608}","value":{"$id":"11","$type":"SessionState","NetworkStates":{"$id":"12","$type":"Dictionary`2","1":5},"FocusedComponent":4,"ComponentUndoState":{"$id":"13","$type":"FLGViewSessionState","SelectedElements":{"$type":"String[]","$values":["<?xml version=\"1.0\" encoding=\"utf-16\"?><ConnectionElement UId=\"22\" Label=\"false\" />"]},"RelevantSettings":null}}}]}